{
    "name": "root",
    "gauges": {
        "IA_Enemy_Perseguidor.Policy.Entropy.mean": {
            "value": 1.7851996421813965,
            "min": 1.7851996421813965,
            "max": 1.7851996421813965,
            "count": 1
        },
        "IA_Enemy_Perseguidor.Policy.Entropy.sum": {
            "value": 1806.6220703125,
            "min": 1806.6220703125,
            "max": 1806.6220703125,
            "count": 1
        },
        "IA_Enemy_Perseguidor.Environment.EpisodeLength.mean": {
            "value": 51.0,
            "min": 51.0,
            "max": 51.0,
            "count": 1
        },
        "IA_Enemy_Perseguidor.Environment.EpisodeLength.sum": {
            "value": 51.0,
            "min": 51.0,
            "max": 51.0,
            "count": 1
        },
        "IA_Enemy_Perseguidor.Step.mean": {
            "value": 948.0,
            "min": 948.0,
            "max": 948.0,
            "count": 1
        },
        "IA_Enemy_Perseguidor.Step.sum": {
            "value": 948.0,
            "min": 948.0,
            "max": 948.0,
            "count": 1
        },
        "IA_Enemy_Perseguidor.Policy.ExtrinsicValueEstimate.mean": {
            "value": -0.9128769636154175,
            "min": -0.9128769636154175,
            "max": -0.9128769636154175,
            "count": 1
        },
        "IA_Enemy_Perseguidor.Policy.ExtrinsicValueEstimate.sum": {
            "value": -13.693154335021973,
            "min": -13.693154335021973,
            "max": -13.693154335021973,
            "count": 1
        },
        "IA_Enemy_Perseguidor.Environment.CumulativeReward.mean": {
            "value": -0.9480000138282776,
            "min": -0.9480000138282776,
            "max": -0.9480000138282776,
            "count": 1
        },
        "IA_Enemy_Perseguidor.Environment.CumulativeReward.sum": {
            "value": -0.9480000138282776,
            "min": -0.9480000138282776,
            "max": -0.9480000138282776,
            "count": 1
        },
        "IA_Enemy_Perseguidor.Policy.ExtrinsicReward.mean": {
            "value": -0.9480000138282776,
            "min": -0.9480000138282776,
            "max": -0.9480000138282776,
            "count": 1
        },
        "IA_Enemy_Perseguidor.Policy.ExtrinsicReward.sum": {
            "value": -0.9480000138282776,
            "min": -0.9480000138282776,
            "max": -0.9480000138282776,
            "count": 1
        },
        "IA_Enemy_Perseguidor.IsTraining.mean": {
            "value": 1.0,
            "min": 1.0,
            "max": 1.0,
            "count": 1
        },
        "IA_Enemy_Perseguidor.IsTraining.sum": {
            "value": 1.0,
            "min": 1.0,
            "max": 1.0,
            "count": 1
        }
    },
    "metadata": {
        "timer_format_version": "0.1.0",
        "start_time_seconds": "1776355918",
        "python_version": "3.10.12 (main, Aug 16 2023, 05:44:31) [GCC 10.2.1 20210110]",
        "command_line_arguments": "/usr/local/bin/mlagents-learn /workspace/ocell.yaml --run-id=Ocell_V7_Recuperat --force",
        "mlagents_version": "1.1.0",
        "mlagents_envs_version": "1.1.0",
        "communication_protocol_version": "1.5.0",
        "pytorch_version": "2.11.0+cu130",
        "numpy_version": "1.23.5",
        "end_time_seconds": "1776356083"
    },
    "total": 176.85238472000037,
    "count": 1,
    "self": 0.035325742000622995,
    "children": {
        "run_training.setup": {
            "total": 0.044278031999965606,
            "count": 1,
            "self": 0.044278031999965606
        },
        "TrainerController.start_learning": {
            "total": 176.77278094599978,
            "count": 1,
            "self": 0.03956796699321785,
            "children": {
                "TrainerController._reset_env": {
                    "total": 28.48485959899972,
                    "count": 1,
                    "self": 28.48485959899972
                },
                "TrainerController.advance": {
                    "total": 148.17622359400684,
                    "count": 1317,
                    "self": 0.03450992601847247,
                    "children": {
                        "env_step": {
                            "total": 147.86231951199352,
                            "count": 1317,
                            "self": 144.68281056498927,
                            "children": {
                                "SubprocessEnvManager._take_step": {
                                    "total": 3.1559574349953436,
                                    "count": 1317,
                                    "self": 0.12164625299601539,
                                    "children": {
                                        "TorchPolicy.evaluate": {
                                            "total": 3.0343111819993283,
                                            "count": 1317,
                                            "self": 3.0343111819993283
                                        }
                                    }
                                },
                                "workers": {
                                    "total": 0.023551512008907594,
                                    "count": 1316,
                                    "self": 0.0,
                                    "children": {
                                        "worker_root": {
                                            "total": 78.98704736000946,
                                            "count": 1316,
                                            "is_parallel": true,
                                            "self": 34.09832473700817,
                                            "children": {
                                                "run_training.setup": {
                                                    "total": 0.0,
                                                    "count": 0,
                                                    "is_parallel": true,
                                                    "self": 0.0,
                                                    "children": {
                                                        "steps_from_proto": {
                                                            "total": 0.006039387999862811,
                                                            "count": 1,
                                                            "is_parallel": true,
                                                            "self": 0.002077915999052493,
                                                            "children": {
                                                                "_process_rank_one_or_two_observation": {
                                                                    "total": 0.003961472000810318,
                                                                    "count": 4,
                                                                    "is_parallel": true,
                                                                    "self": 0.003961472000810318
                                                                }
                                                            }
                                                        },
                                                        "UnityEnvironment.step": {
                                                            "total": 0.04466829900002267,
                                                            "count": 1,
                                                            "is_parallel": true,
                                                            "self": 0.00020116600035180454,
                                                            "children": {
                                                                "UnityEnvironment._generate_step_input": {
                                                                    "total": 0.0005078559997855336,