{
    "name": "root",
    "gauges": {
        "IA_Enemy_Perseguidor.Policy.Entropy.mean": {
            "value": 1.7903553247451782,
            "min": 1.7903553247451782,
            "max": 1.7903553247451782,
            "count": 1
        },
        "IA_Enemy_Perseguidor.Policy.Entropy.sum": {
            "value": 1854.80810546875,
            "min": 1854.80810546875,
            "max": 1854.80810546875,
            "count": 1
        },
        "IA_Enemy_Perseguidor.Environment.EpisodeLength.mean": {
            "value": 344.3333333333333,
            "min": 344.3333333333333,
            "max": 344.3333333333333,
            "count": 1
        },
        "IA_Enemy_Perseguidor.Environment.EpisodeLength.sum": {
            "value": 1033.0,
            "min": 1033.0,
            "max": 1033.0,
            "count": 1
        },
        "IA_Enemy_Perseguidor.Step.mean": {
            "value": 996.0,
            "min": 996.0,
            "max": 996.0,
            "count": 1
        },
        "IA_Enemy_Perseguidor.Step.sum": {
            "value": 996.0,
            "min": 996.0,
            "max": 996.0,
            "count": 1
        },
        "IA_Enemy_Perseguidor.Policy.ExtrinsicValueEstimate.mean": {
            "value": -0.9397509694099426,
            "min": -0.9397509694099426,
            "max": -0.9397509694099426,
            "count": 1
        },
        "IA_Enemy_Perseguidor.Policy.ExtrinsicValueEstimate.sum": {
            "value": -15.9757661819458,
            "min": -15.9757661819458,
            "max": -15.9757661819458,
            "count": 1
        },
        "IA_Enemy_Perseguidor.Environment.CumulativeReward.mean": {
            "value": -0.9820000231266022,
            "min": -0.9820000231266022,
            "max": -0.9820000231266022,
            "count": 1
        },
        "IA_Enemy_Perseguidor.Environment.CumulativeReward.sum": {
            "value": -1.9640000462532043,
            "min": -1.9640000462532043,
            "max": -1.9640000462532043,
            "count": 1
        },
        "IA_Enemy_Perseguidor.Policy.ExtrinsicReward.mean": {
            "value": -0.9820000231266022,
            "min": -0.9820000231266022,
            "max": -0.9820000231266022,
            "count": 1
        },
        "IA_Enemy_Perseguidor.Policy.ExtrinsicReward.sum": {
            "value": -1.9640000462532043,
            "min": -1.9640000462532043,
            "max": -1.9640000462532043,
            "count": 1
        },
        "IA_Enemy_Perseguidor.IsTraining.mean": {
            "value": 1.0,
            "min": 1.0,
            "max": 1.0,
            "count": 1
        },
        "IA_Enemy_Perseguidor.IsTraining.sum": {
            "value": 1.0,
            "min": 1.0,
            "max": 1.0,
            "count": 1
        }
    },
    "metadata": {
        "timer_format_version": "0.1.0",
        "start_time_seconds": "1776355590",
        "python_version": "3.10.12 (main, Aug 16 2023, 05:44:31) [GCC 10.2.1 20210110]",
        "command_line_arguments": "/usr/local/bin/mlagents-learn /workspace/ocell.yaml --run-id=Ocell_V6_Final --force",
        "mlagents_version": "1.1.0",
        "mlagents_envs_version": "1.1.0",
        "communication_protocol_version": "1.5.0",
        "pytorch_version": "2.11.0+cu130",
        "numpy_version": "1.23.5",
        "end_time_seconds": "1776355810"
    },
    "total": 234.4718614379999,
    "count": 1,
    "self": 0.01783280699964962,
    "children": {
        "run_training.setup": {
            "total": 0.05304948999992121,
            "count": 1,
            "self": 0.05304948999992121
        },
        "TrainerController.start_learning": {
            "total": 234.40097914100033,
            "count": 1,
            "self": 0.04571207198932825,
            "children": {
                "TrainerController._reset_env": {
                    "total": 21.086518855000122,
                    "count": 1,
                    "self": 21.086518855000122
                },
                "TrainerController.advance": {
                    "total": 213.19738345301084,
                    "count": 1434,
                    "self": 0.044128187999831425,
                    "children": {
                        "env_step": {
                            "total": 212.1531060300067,
                            "count": 1434,
                            "self": 208.10451322001336,
                            "children": {
                                "SubprocessEnvManager._take_step": {
                                    "total": 4.013749268007814,
                                    "count": 1434,
                                    "self": 0.14960504400369246,
                                    "children": {
                                        "TorchPolicy.evaluate": {
                                            "total": 3.8641442240041215,
                                            "count": 1434,
                                            "self": 3.8641442240041215
                                        }
                                    }
                                },
                                "workers": {
                                    "total": 0.03484354198553774,
                                    "count": 1433,
                                    "self": 0.0,
                                    "children": {
                                        "worker_root": {
                                            "total": 114.04165331900731,
                                            "count": 1433,
                                            "is_parallel": true,
                                            "self": 29.058237627010385,
                                            "children": {
                                                "run_training.setup": {
                                                    "total": 0.0,
                                                    "count": 0,
                                                    "is_parallel": true,
                                                    "self": 0.0,
                                                    "children": {
                                                        "steps_from_proto": {
                                                            "total": 0.0066185480000058305,
                                                            "count": 1,
                                                            "is_parallel": true,
                                                            "self": 0.0028413759996510635,
                                                            "children": {
                                                                "_process_rank_one_or_two_observation": {
                                                                    "total": 0.003777172000354767,
                                                                    "count": 4,
                                                                    "is_parallel": true,
                                                                    "self": 0.003777172000354767
                                                                }
                                                            }
                                                        },
                                                        "UnityEnvironment.step": {
                                                            "total": 0.05395155700034593,
                                                            "count": 1,
                                                            "is_parallel": true,
                                                            "self": 0.0003185380001013982,